<?xml version="1.0" encoding="UTF-8" standalone="no" ?>
<?xml-stylesheet type = "text/xsl"  href = "static/xsl/bookshelf.xsl" ?>

<!DOCTYPE bookshelf SYSTEM "http://hopper.wlu.ca/~blac2410/q2/bookshelf.dtd">
<bookshelf>
    <book>
        <author>Steven Erikson</author>
        <title>Gardens of the Moon</title>
        <publisher>Bantam</publisher>
        <publishdate>1999</publishdate>
        <description>The sequence details the various struggles for power on a world dominated by the Malazan Empire. It is notable for the use of high magic, and unusual plot structure. Gardens of the Moon centres around the Imperial campaign to conquer the city of Darujhistan.</description>
        <location>http://en.wikipedia.org/wiki/Gardens_of_the_Moon</location>
    </book>

    <book>
        <author>Steven Erikson</author>
        <title>Deadhouse Gates</title>
        <publisher>Bantam Books</publisher>
        <publishdate>2000</publishdate>
        <description>
            The convergence of a rebellion in Seven Cities, the path of hands, an attempt to assassinate the empress of the
            Malazan empire.
        </description>
        <location>http://en.wikipedia.org/wiki/Deadhouse_Gates</location>
    </book>
    <book>
        <author>Marget Weis</author>
        <title>Dragons of an Autumn Twilight</title>
        <publisher>Random House</publisher>
        <publishdate>1984</publishdate>
        <description>
            The book begins with the return of a group of friends, consisting of Tanis, Sturm, Caramon, Raistlin, Flint, and Tasslehoff, who had separated to pursue their own quests and pledged to return in five years. Kitiara Uth Matar, the half sister of the twins Caramon and Raistlin, was supposed to be there as well, but only sent a mysterious note.
        </description>
        <location>http://en.wikipedia.org/wiki/Dragons_of_Autumn_Twilight</location>
    </book>
    <book>
        <author>Byron Preiss</author>
        <title>Dragonworld</title>
        <publisher>Bantam Books</publisher>
        <publishdate>1979</publishdate>
        <description>
            Somewhere beyond the northern mists lies a land where dreams live and dragons are real. This is the tale of the twilight of the dragons, of two nations plunged into war by a tragic misunderstanding, of a shy dreamer's incredible voyage of peace to a long-forgotten land where nightmares are born. A magnificient creation, a sweeping epic of high fantasy set in a richly imagined world, vividly brought to life with over eighty pages of stunning illustrations by Joseph Zucker.
        </description>
        <location>http://www.goodreads.com/book/show/415463.Dragonworld</location>
    </book>
</bookshelf>
